{
  "mamba-1024-warmup-v2": {
    "finetune_rte": 0.6115107913669064,
    "finetune_boolq": 0.6935779816513762,
    "finetune_multirc": 0.6427392739273927,
    "finetune_mrpc": 0.7254901960784313,
    "finetune_wsc": 0.6153846153846154,
    "finetune_mnli": 0.4731051344743276,
    "finetune_qqp": 0.7411822903784319,
    "zero_shot_causal_reading": 0.27,
    "zero_shot_causal_blimp": 67.3,
    "zero_shot_causal_wug": 57.5,
    "zero_shot_causal_ewok": 52.31,
    "zero_shot_causal_entity_tracking": 31.95
  },
  "mamba-128-warmup-v2": {
    "finetune_rte": 0.5107913669064749,
    "finetune_boolq": 0.6519877675840978,
    "finetune_multirc": 0.6179867986798679,
    "finetune_mrpc": 0.7352941176470589,
    "finetune_wsc": 0.6730769230769231,
    "finetune_mnli": 0.46801140994295026,
    "finetune_qqp": 0.7393024981449419,
    "zero_shot_causal_reading": 0.29,
    "zero_shot_causal_blimp": 67.31,
    "zero_shot_causal_wug": 54.0,
    "zero_shot_causal_ewok": 50.1,
    "zero_shot_causal_entity_tracking": 23.2
  },
  "mamba-2048-warmup-v2": {
    "finetune_rte": 0.5827338129496403,
    "finetune_boolq": 0.6801223241590214,
    "finetune_multirc": 0.6332508250825083,
    "finetune_mrpc": 0.7205882352941176,
    "finetune_wsc": 0.6538461538461539,
    "finetune_mnli": 0.5191524042379788,
    "finetune_qqp": 0.7548849863962405,
    "zero_shot_causal_reading": 0.26,
    "zero_shot_causal_blimp": 71.62,
    "zero_shot_causal_wug": 53.5,
    "zero_shot_causal_ewok": 51.82,
    "zero_shot_causal_entity_tracking": 14.07
  },
  "mamba-256-warmup-v2": {
    "finetune_rte": 0.5683453237410072,
    "finetune_boolq": 0.6856269113149847,
    "finetune_multirc": 0.634075907590759,
    "finetune_mrpc": 0.7401960784313726,
    "finetune_wsc": 0.6346153846153846,
    "finetune_mnli": 0.467400162999185,
    "finetune_qqp": 0.733860994311155,
    "zero_shot_causal_reading": 0.33,
    "zero_shot_causal_blimp": 69.19,
    "zero_shot_causal_wug": 56.5,
    "zero_shot_causal_ewok": 51.34,
    "zero_shot_causal_entity_tracking": 12.48
  },
  "mamba-4096-warmup-v2": {
    "finetune_rte": 0.5251798561151079,
    "finetune_boolq": 0.6825688073394496,
    "finetune_multirc": 0.6402640264026402,
    "finetune_mrpc": 0.7107843137254902,
    "finetune_wsc": 0.5769230769230769,
    "finetune_mnli": 0.4798288508557457,
    "finetune_qqp": 0.7156072223596339,
    "zero_shot_causal_reading": 0.43,
    "zero_shot_causal_blimp": 69.56,
    "zero_shot_causal_wug": 49.0,
    "zero_shot_causal_ewok": 51.49,
    "zero_shot_causal_entity_tracking": 13.93
  },
  "mamba-512-warmup-v2": {
    "finetune_rte": 0.5611510791366906,
    "finetune_boolq": 0.6831804281345566,
    "finetune_multirc": 0.6349009900990099,
    "finetune_mrpc": 0.7205882352941176,
    "finetune_wsc": 0.6538461538461539,
    "finetune_mnli": 0.4839038304808476,
    "finetune_qqp": 0.7414790996784566,
    "zero_shot_causal_reading": 0.39,
    "zero_shot_causal_blimp": 68.87,
    "zero_shot_causal_wug": 51.5,
    "zero_shot_causal_ewok": 52.54,
    "zero_shot_causal_entity_tracking": 16.33
  },
  "mamba-64-warmup-v2": {
    "finetune_rte": 0.5971223021582733,
    "finetune_boolq": 0.6703363914373088,
    "finetune_multirc": 0.6097359735973598,
    "finetune_mrpc": 0.7107843137254902,
    "finetune_wsc": 0.6346153846153846,
    "finetune_mnli": 0.47901385493072535,
    "finetune_qqp": 0.7213455354934455,
    "zero_shot_causal_reading": 0.4,
    "zero_shot_causal_blimp": 68.33,
    "zero_shot_causal_wug": 63.5,
    "zero_shot_causal_ewok": 50.66,
    "zero_shot_causal_entity_tracking": 19.05
  },
  "mamba-8192-warmup-v2": {
    "finetune_rte": 0.5251798561151079,
    "finetune_boolq": 0.6672782874617736,
    "finetune_multirc": 0.5961221122112211,
    "finetune_mrpc": 0.7254901960784313,
    "finetune_wsc": 0.6346153846153846,
    "finetune_mnli": 0.4708638956805216,
    "finetune_qqp": 0.6953252535246104,
    "zero_shot_causal_reading": 0.22,
    "zero_shot_causal_blimp": 66.91,
    "zero_shot_causal_wug": 51.5,
    "zero_shot_causal_ewok": 51.05,
    "zero_shot_causal_entity_tracking": 22.7
  },
  "opt-1024-warmup-v2": {
    "finetune_rte": 0.6330935251798561,
    "finetune_boolq": 0.7009174311926606,
    "finetune_multirc": 0.6547029702970297,
    "finetune_mrpc": 0.7598039215686274,
    "finetune_wsc": 0.7307692307692307,
    "finetune_mnli": 0.5878158109209454,
    "finetune_qqp": 0.7640860746970072,
    "zero_shot_causal_reading": 0.21,
    "zero_shot_causal_blimp": 72.69,
    "zero_shot_causal_wug": 48.5,
    "zero_shot_causal_ewok": 51.28,
    "zero_shot_causal_entity_tracking": 26.15
  },
  "opt-128-warmup-v2": {
    "finetune_rte": 0.539568345323741,
    "finetune_boolq": 0.6642201834862386,
    "finetune_multirc": 0.648102310231023,
    "finetune_mrpc": 0.7745098039215687,
    "finetune_wsc": 0.6346153846153846,
    "finetune_mnli": 0.6016707416462918,
    "finetune_qqp": 0.7683403413306951,
    "zero_shot_causal_reading": 0.17,
    "zero_shot_causal_blimp": 70.78,
    "zero_shot_causal_wug": 46.5,
    "zero_shot_causal_ewok": 51.92
  },
  "opt-2048-warmup-v2": {
    "finetune_rte": 0.5899280575539568,
    "finetune_boolq": 0.6941896024464832,
    "finetune_multirc": 0.6811056105610561,
    "finetune_mrpc": 0.7843137254901961,
    "finetune_wsc": 0.6346153846153846,
    "finetune_mnli": 0.6004482477587612,
    "finetune_qqp": 0.7783823893148653,
    "zero_shot_causal_reading": 0.35,
    "zero_shot_causal_blimp": 72.05,
    "zero_shot_causal_wug": 45.5,
    "zero_shot_causal_ewok": 52.37,
    "zero_shot_causal_entity_tracking": 25.96
  },
  "opt-256-warmup-v2": {
    "finetune_rte": 0.6474820143884892,
    "finetune_boolq": 0.6941896024464832,
    "finetune_multirc": 0.6662541254125413,
    "finetune_mrpc": 0.7892156862745098,
    "finetune_wsc": 0.6538461538461539,
    "finetune_mnli": 0.5943357783211084,
    "finetune_qqp": 0.7775414296314618,
    "zero_shot_causal_reading": 0.24,
    "zero_shot_causal_blimp": 73.88,
    "zero_shot_causal_wug": 44.5,
    "zero_shot_causal_ewok": 52.18,
    "zero_shot_causal_entity_tracking": 32.42
  },
  "opt-4096-warmup-v2": {
    "finetune_rte": 0.5539568345323741,
    "finetune_boolq": 0.6391437308868502,
    "finetune_multirc": 0.5763201320132013,
    "finetune_mrpc": 0.6813725490196079,
    "finetune_wsc": 0.6346153846153846,
    "finetune_mnli": 0.3471882640586797,
    "finetune_qqp": 0.629779866435815,
    "zero_shot_causal_reading": 0.21,
    "zero_shot_causal_blimp": 56.25,
    "zero_shot_causal_wug": 90.0,
    "zero_shot_causal_ewok": 49.7,
    "zero_shot_causal_entity_tracking": 40.23
  },
  "opt-512-warmup-v2": {
    "finetune_rte": 0.60431654676259,
    "finetune_boolq": 0.6807339449541284,
    "finetune_multirc": 0.6740924092409241,
    "finetune_mrpc": 0.7941176470588235,
    "finetune_wsc": 0.6346153846153846,
    "finetune_mnli": 0.6033007334963325,
    "finetune_qqp": 0.77491961414791,
    "zero_shot_causal_reading": 0.34,
    "zero_shot_causal_blimp": 71.9,
    "zero_shot_causal_wug": 47.5,
    "zero_shot_causal_ewok": 51.45,
    "zero_shot_causal_entity_tracking": 26.8
  },
  "opt-64-warmup-v2": {
    "finetune_rte": 0.5827338129496403,
    "finetune_boolq": 0.6752293577981652,
    "finetune_multirc": 0.6316006600660066,
    "finetune_mrpc": 0.7107843137254902,
    "finetune_wsc": 0.5961538461538461,
    "finetune_mnli": 0.5798696006519968,
    "finetune_qqp": 0.7771456838980955,
    "zero_shot_causal_reading": 0.24,
    "zero_shot_causal_blimp": 70.21,
    "zero_shot_causal_wug": 48.0,
    "zero_shot_causal_ewok": 51.82
  },
  "opt-8192-warmup-v2": {
    "finetune_rte": 0.5539568345323741,
    "finetune_boolq": 0.6428134556574924,
    "finetune_multirc": 0.5759075907590759,
    "finetune_mrpc": 0.6813725490196079,
    "finetune_wsc": 0.6153846153846154,
    "finetune_mnli": 0.35248573757131213,
    "finetune_qqp": 0.6269107098689092,
    "zero_shot_causal_reading": 0.45,
    "zero_shot_causal_blimp": 55.05,
    "zero_shot_causal_wug": 66.0,